[
    {
        "id": 1,
        "sname": "Shaheed Sthal"
    },
    {
        "id": 2,
        "sname": "Hindon"
    },
    {
        "id": 3,
        "sname": "Arthala"
    },
    {
        "id": 4,
        "sname": "Mohan Nagar"
    },
    {
        "id": 5,
        "sname": "Shyam park"
    },
    {
        "id": 6,
        "sname": "Major Mohit Sharma"
    },
    {
        "id": 7,
        "sname": "Raj Bagh"
    },
    {
        "id": 8,
        "sname": "Shaheed Nagar"
    },
    {
        "id": 9,
        "sname": "Dilshad Garden"
    },
    {
        "id": 10,
        "sname": "Jhilmil"
    },
    {
        "id": 11,
        "sname": "Mansarovar Park"
    },
    {
        "id": 12,
        "sname": "Shahdara"
    },
    {
        "id": 13,
        "sname": "Welcome"
    },
    {
        "id": 14,
        "sname": "Seelampur"
    },
    {
        "id": 15,
        "sname": "Shastri Park"
    },
    {
        "id": 16,
        "sname": "Kashmere Gate"
    },
    {
        "id": 17,
        "sname": "Tis Hazari"
    },
    {
        "id": 18,
        "sname": "Pul Bangash"
    },
    {
        "id": 19,
        "sname": "Pratap Nagar"
    },
    {
        "id": 20,
        "sname": "Shastri Nagar"
    },
    {
        "id": 21,
        "sname": "Inderlok"
    },
    {
        "id": 22,
        "sname": "Kanhiya Nagar"
    },
    {
        "id": 23,
        "sname": "Keshav Puram"
    },
    {
        "id": 24,
        "sname": "Netaji Subhash Place"
    },
    {
        "id": 25,
        "sname": "Kohat Enclave"
    },
    {
        "id": 26,
        "sname": "Pitam Pura"
    },
    {
        "id": 27,
        "sname": "Rohini East"
    },
    {
        "id": 28,
        "sname": "Rohini West"
    },
    {
        "id": 29,
        "sname": "Rithala"
    }
]